Workbook

Sheet Ref_builder
A1: Patient | B1: Age_Post_Conceptionnelle | C1: Numero_SD | D1: Nom_SD | E1: Nom_Img_Ref | F1: Sens_Balayage | G1: PWML | H1: HIV | I1: IHPV | J1: Hémorragie cérébelleuse | K1: Dilatation ventriculaire | L1: Commentaires
A2: Patient105 | B2: 0 SA + 0 J | C2: 0 | D2: IMG-0002-00001 | E2: IMG-0003-00001 | F2: A-P | G2: Non | H2: Non | I2: Non | J2: Non | K2: Non | L2: erreur affichage

Sheet Ref_patients
A1: Ne pas modifier | B1: Ref_patients_echo
A2: 1 | B2: idx | C2: Référence | D2: Référence séquence dynamique | E2: Référence image corps calleux | F2: Sens balayage
A3: 2 | B3: 1 | C3: Patient105_J0_0 | D3: =INDIRECT("Ref_builder!D"&A3) | E3: =INDIRECT("Ref_builder!E"&A3) | F3: =INDIRECT("Ref_builder!F"&A3)
A4: 3 | B4: 2 | C4: __ | D4: =INDIRECT("Ref_builder!D"&A4) | E4: =INDIRECT("Ref_builder!E"&A4) | F4: =INDIRECT("Ref_builder!F"&A4)
A5: 4 | B5: 3 | C5: __ | D5: =INDIRECT("Ref_builder!D"&A5) | E5: =INDIRECT("Ref_builder!E"&A5) | F5: =INDIRECT("Ref_builder!F"&A5)
A6: 5 | B6: 4 | C6: __ | D6: =INDIRECT("Ref_builder!D"&A6) | E6: =INDIRECT("Ref_builder!E"&A6) | F6: =INDIRECT("Ref_builder!F"&A6)
A7: 6 | B7: 5 | C7: __ | D7: =INDIRECT("Ref_builder!D"&A7) | E7: =INDIRECT("Ref_builder!E"&A7) | F7: =INDIRECT("Ref_builder!F"&A7)
A8: 7 | B8: 6 | C8: __ | D8: =INDIRECT("Ref_builder!D"&A8) | E8: =INDIRECT("Ref_builder!E"&A8) | F8: =INDIRECT("Ref_builder!F"&A8)
A9: 8 | B9: 7 | C9: __ | D9: =INDIRECT("Ref_builder!D"&A9) | E9: =INDIRECT("Ref_builder!E"&A9) | F9: =INDIRECT("Ref_builder!F"&A9)
A10: 9 | B10: 8 | C10: __ | D10: =INDIRECT("Ref_builder!D"&A10) | E10: =INDIRECT("Ref_builder!E"&A10) | F10: =INDIRECT("Ref_builder!F"&A10)
A11: 10 | B11: 9 | C11: __ | D11: =INDIRECT("Ref_builder!D"&A11) | E11: =INDIRECT("Ref_builder!E"&A11) | F11: =INDIRECT("Ref_builder!F"&A11)
A12: 11 | B12: 10 | C12: __ | D12: =INDIRECT("Ref_builder!D"&A12) | E12: =INDIRECT("Ref_builder!E"&A12) | F12: =INDIRECT("Ref_builder!F"&A12)
A13: 12 | B13: 11 | C13: __ | D13: =INDIRECT("Ref_builder!D"&A13) | E13: =INDIRECT("Ref_builder!E"&A13) | F13: =INDIRECT("Ref_builder!F"&A13)
A14: 13 | B14: 12 | C14: __ | D14: =INDIRECT("Ref_builder!D"&A14) | E14: =INDIRECT("Ref_builder!E"&A14) | F14: =INDIRECT("Ref_builder!F"&A14)
... A500: 499 | B500: 498 | C500: __ | D500: =INDIRECT("Ref_builder!D"&A500) | E500: =INDIRECT("Ref_builder!E"&A500) | F500: =INDIRECT("Ref_builder!F"&A500)

Sheet ReconstructionParameters
B2: Référence | C2: Coordonnées origine : x | D2: Coordonnées origine : y | E2: Coordonnées origine : z | F2: Angle rotation cor | G2: Angle rotation sag | H2: delta_X_seqdyn | I2: delta_X_cc
A3: 1 | B3: =Ref_patients!C3 | C3: 410.1 | D3: 379.9 | E3: 612.4 | F3: 1.3 | G3: 14.53 | H3: 0.01015167 | I3: 0.0101517
A4: 2 | B4: =Ref_patients!C4
A5: 3 | B5: =Ref_patients!C5
A6: 4 | B6: =Ref_patients!C6
A7: 5 | B7: =Ref_patients!C7
A8: 6 | B8: =Ref_patients!C8
A9: 7 | B9: =Ref_patients!C9
A10: 8 | B10: =Ref_patients!C10
A11: 9 | B11: =Ref_patients!C11
A12: 10 | B12: =Ref_patients!C12
A13: 11 | B13: =Ref_patients!C13
A14: 12 | B14: =Ref_patients!C14
A15: 13 | B15: =Ref_patients!C15
... A158: 156 | B158: =Ref_patients!C158
A159: 157 | B159: =Ref_patients!C160
A160: 158 | B160: =Ref_patients!C160
A161: 159 | B161: =Ref_patients!C161
A162: 160 | B162: =Ref_patients!C162
A163: 161 | B163: =Ref_patients!C163
A164: 162 | B164: =Ref_patients!C164
A165: 163 | B165: =Ref_patients!C165
A166: 164 | B166: =Ref_patients!C166
A167: 165 | B167: =Ref_patients!C167
A168: 166 | B168: =Ref_patients!C168
A169: 167 | B169: =Ref_patients!C169
A170: 168 | B170: =Ref_patients!C170
A171: 169 | B171: =Ref_patients!C171
... A500: 498 | B500: =Ref_patients!C500
